"","county","number_of_households","number_of_households_with_computer","percent_households_with_computer","number_households_with_internet","percent_households_with_internet"
"1","District",281500,259200,92.0831616194631,233100,82.8070599269565
"2","New",528700,496900,93.9897521642831,469600,88.8312209072493
"3","New",3218800,2979600,92.5695094918766,2804900,87.1423090246225
"4","New",767700,658800,85.818958162097,590500,76.911974844373
"5","New",7304300,6578500,90.0628038953365,6122000,83.8139983932805
"6","North",3955100,3541400,89.5402104134693,3256200,82.3287577716703
"7","North",316300,285800,90.3459657353866,256400,81.0646753271388
"8","West",715300,606200,84.7494093469964,540900,75.6170052145224
